Filename,Top Keywords
OFAC_FRDOC_0001-1843.htm,"enforcement agencies, agencies, state, enforcement agency, program, request, eu, foreign law, state local, local"
FHFA-2023-0002-0001.htm,"mutual, mutual funds, compliance date, extension, transmittal, transfer agents, systems, ici, fund, transmittor"
SEC-2023-1323-0001.htm,"mutual, mutual funds, mutual fund, fund, investment company, company, company act, section investment, cfr cfr, file"
FHFA-2024-0021-0001.htm,"usc, attorney, usc usc, agenda, affected, internal revenue, revenue, dc phone, revenue service, phone"
FDIC-2009-0110-0001.htm,"capital, agencies, tax, risk, irs treasury, basel, year, regulatory plan, plan, monday december"
SEC-2024-1166-0001.htm,"agencies, president, programs government, appreciate, reporting exemption, colorado, ne, programs, andthe, lender"
SEC-2024-1300-0001.htm,"usc, attorney, usc usc, agenda, affected, internal revenue, revenue, revenue service, view related, service"
OCC-2010-0011-0144.htm,"company, investment company, mutual, defined, insurance, mutual funds, covered, covered products, current, insurance companies"
OCC-2010-0011-0150.htm,"usc, attorney, usc usc, affected, phone, fr cite, date fr, agency contact, cfr citation, levels affected"
SEC-2023-1322-0001.htm,"adviser, advisers, investment adviser, investment advisers, sec, fund, private, investors, clients, client"
FHFA-2023-0003-0001.htm,"capital, tax, risk, irs, irs treasury, plan, issued, fiscal, fiscal year, program"
SEC-2024-1301-0001.htm,"usc, attorney, usc usc, agenda, affected, revenue, revenue service, view related, documents title, dc phone"
OFAC_FRDOC_0001-1857.htm,"usc, attorney, usc usc, agenda, affected, revenue, revenue service, view related, documents title, service"
FHFA-2024-0020-0001.htm,"delta, delta asia, asia, banco, banco delta, cor, covered financial, covered, accounts, cor accounts"
FDIC-2009-0111-0001.htm,"ltda, cvc, cvc ltda, december notice, aml act, days comments, ltda transactions, counterparty, proposed reporting, counterparty information"
SEC-2024-1167-0001.htm,"ltda, cvc, cvc ltda, december notice, aml act, days comments, ltda transactions, counterparty, proposed reporting, counterparty information"
SEC-2024-0760-0001.htm,"ltda, cvc, cvc ltda, december notice, aml act, days comments, ltda transactions, counterparty, proposed reporting, counterparty information"
SEC-2024-0506-0001.htm,"advisers, investment advisers, establish implement, program, establish, implement anti, clients, programs, certain investment, laundering program"
SEC-2024-0996-0001.htm,"ltda, cvc, cvc ltda, december notice, aml act, days comments, ltda transactions, counterparty, proposed reporting, counterparty information"
OCC-2010-0011-0178.htm,"ltda, cvc, cvc ltda, december notice, aml act, days comments, ltda transactions, counterparty, proposed reporting, counterparty information"
FRS-2010-0268-0001.htm,"stored value, stored, person, business, money transmitter, check, transmitter, transmission, exchange, money transmission"
OFAC-2007-0020-0001.pdf,"mortgage, residential mortgage, residential, bank residential, non bank, persons, lenders originators, mortgage lenders, lenders, loan"
SEC-2024-0507-0001.htm,"ltda, cvc, cvc ltda, december notice, aml act, days comments, ltda transactions, counterparty, proposed reporting, counterparty information"
SEC-2024-0997-0001.htm,"ltda, cvc, cvc ltda, december notice, aml act, days comments, ltda transactions, counterparty, proposed reporting, counterparty information"
TREAS-DO-2008-0001-0003.htm,"account, financial account, signature authority, signature, person, financial accounts, accounts, states person, entity, filer"
SEC-2024-0761-0001.htm,"unregistered investment, unregistered, investment companies, commodity, establish implement, pools, programs, company, laundering programs, establish"
OFAC-2007-0021-0001.pdf,"ltda, cvc, cvc ltda, december notice, aml act, days comments, ltda transactions, counterparty, proposed reporting, counterparty information"
FRS-2010-0269-0001.htm,"ltda, cvc, cvc ltda, december notice, aml act, days comments, ltda transactions, counterparty, proposed reporting, counterparty information"
SEC-2024-0052-0001.htm,"ltda, cvc, cvc ltda, december notice, aml act, days comments, ltda transactions, counterparty, proposed reporting, counterparty information"
SEC-2009-1600-0001.htm,"ltda, cvc, cvc ltda, december notice, aml act, days comments, ltda transactions, counterparty, proposed reporting, counterparty information"
CFPB-2021-0015-0067.htm,"ltda, cvc, cvc ltda, december notice, aml act, days comments, ltda transactions, counterparty, proposed reporting, counterparty information"
OFAC_FRDOC_0001-1880.htm,"ltda, cvc, cvc ltda, december notice, aml act, days comments, ltda transactions, counterparty, proposed reporting, counterparty information"
SEC-2024-0234-0001.htm,"ltda, cvc, cvc ltda, december notice, aml act, days comments, ltda transactions, counterparty, proposed reporting, counterparty information"
SEC-2010-1821-0001.htm,"merchant, merchant bank, laundering concern, finding, ireland, primary money, concern, primary, cyprus, withdrawal"
OCC-2010-0011-0187.htm,"phase, depository, phase ii, depository institutions, exempt, exemption, exempt person, gao, person, eligible"
FRS-2024-0117-0001.htm,"ltda, cvc, cvc ltda, december notice, aml act, days comments, ltda transactions, counterparty, proposed reporting, counterparty information"
FRS-2021-0229-0001.htm,"ltda, cvc, cvc ltda, december notice, aml act, days comments, ltda transactions, counterparty, proposed reporting, counterparty information"
SEC-2017-2096-0005.htm,"ltda, cvc, cvc ltda, december notice, aml act, days comments, ltda transactions, counterparty, proposed reporting, counterparty information"
SEC-2024-0235-0001.htm,"ltda, cvc, cvc ltda, december notice, aml act, days comments, ltda transactions, counterparty, proposed reporting, counterparty information"
SEC-2009-1601-0001.htm,"ltda, cvc, cvc ltda, december notice, aml act, days comments, ltda transactions, counterparty, proposed reporting, counterparty information"
SEC-2024-0053-0001.htm,"ltda, cvc, cvc ltda, december notice, aml act, days comments, ltda transactions, counterparty, proposed reporting, counterparty information"
FRS-2021-0228-0001.htm,"ltda, cvc, cvc ltda, december notice, aml act, days comments, ltda transactions, counterparty, proposed reporting, counterparty information"
OFAC_FRDOC_0001-1894.htm,"ltda, cvc, cvc ltda, december notice, aml act, days comments, ltda transactions, counterparty, proposed reporting, counterparty information"
FRS-2024-0116-0001.htm,"ltda, cvc, cvc ltda, december notice, aml act, days comments, ltda transactions, counterparty, proposed reporting, counterparty information"
SEC-2010-1820-0001.htm,"ltda, cvc, cvc ltda, december notice, aml act, days comments, ltda transactions, counterparty, proposed reporting, counterparty information"
CFPB-2021-0015-0073.htm,"ltda, cvc, cvc ltda, december notice, aml act, days comments, ltda transactions, counterparty, proposed reporting, counterparty information"
FRS-2009-0143-0001.htm,"ltda, cvc, cvc ltda, december notice, aml act, days comments, ltda transactions, counterparty, proposed reporting, counterparty information"
SEC-2023-1411-0001.htm,"ltda, cvc, cvc ltda, december notice, aml act, days comments, ltda transactions, counterparty, proposed reporting, counterparty information"
FRS-2009-0325-0001.htm,"ltda, cvc, cvc ltda, december notice, aml act, days comments, ltda transactions, counterparty, proposed reporting, counterparty information"
OCC-2006-0035-0077.htm,"ltda, cvc, cvc ltda, december notice, aml act, days comments, ltda transactions, counterparty, proposed reporting, counterparty information"
FRS-2010-0194-0001.htm,"ltda, cvc, cvc ltda, december notice, aml act, days comments, ltda transactions, counterparty, proposed reporting, counterparty information"
FDIC-2022-0093-0001.htm,"ltda, cvc, cvc ltda, december notice, aml act, days comments, ltda transactions, counterparty, proposed reporting, counterparty information"
SEC-2024-1432-0001.htm,"ltda, cvc, cvc ltda, december notice, aml act, days comments, ltda transactions, counterparty, proposed reporting, counterparty information"
SEC-2023-1410-0001.htm,"ltda, cvc, cvc ltda, december notice, aml act, days comments, ltda transactions, counterparty, proposed reporting, counterparty information"
FRS-2009-0324-0001.htm,"ltda, cvc, cvc ltda, december notice, aml act, days comments, ltda transactions, counterparty, proposed reporting, counterparty information"
FRS-2009-0142-0001.htm,"ltda, cvc, cvc ltda, december notice, aml act, days comments, ltda transactions, counterparty, proposed reporting, counterparty information"
OCC-2006-0035-0063.htm,"ltda, cvc, cvc ltda, december notice, aml act, days comments, ltda transactions, counterparty, proposed reporting, counterparty information"
FRS-2010-0195-0001.htm,"ltda, cvc, cvc ltda, december notice, aml act, days comments, ltda transactions, counterparty, proposed reporting, counterparty information"
SEC-2024-1433-0001.htm,"ltda, cvc, cvc ltda, december notice, aml act, days comments, ltda transactions, counterparty, proposed reporting, counterparty information"
FDIC-2022-0092-0001.htm,"sar, guidance, depository institution, depository, sharing, existence sar, reveal existence, information reveal, share sar, sar information"
TREAS_FRDOC_0001-0457.htm,"cta, telecommunications, reporting rule, exemption, subparagraph, regulated public, gas, electrical, ownership information, water"
SEC-2021-0624-0004.htm,"enforcement agencies, agencies, state, enforcement agency, eu, request, program, foreign law, local, state local"
SEC-2009-1692-0001.htm,"mutual, mutual funds, mutual fund, fund, company, investment company, cfr cfr, file, ctrs, transmittal"
EIB_FRDOC_0001-0610.htm,"ltda, cvc, cvc ltda, december notice, aml act, days comments, ltda transactions, counterparty, proposed reporting, counterparty information"
FDIC-2009-0018-0001.htm,"ltda, cvc, cvc ltda, december notice, aml act, days comments, ltda transactions, counterparty, proposed reporting, counterparty information"
FRS-2024-0185-0001.htm,"ltda, cvc, cvc ltda, december notice, aml act, days comments, ltda transactions, counterparty, proposed reporting, counterparty information"
SEC-2024-1208-0001.htm,"sar, broker, guidance, introducing, mutual, fund futures, broker commodities, merchant introducing, mutual fund, dealer mutual"
FDIC-2008-0076-0001.htm,"ltda, cvc, cvc ltda, december notice, aml act, days comments, ltda transactions, counterparty, proposed reporting, counterparty information"
SEC-2010-1645-0001.htm,"sar, information reveal, sar information, existence sar, reveal existence, disclosure, reveal, existence, director officer, employee agent"
SEC-2009-1693-0001.htm,"ltda, cvc, cvc ltda, december notice, aml act, days comments, ltda transactions, counterparty, proposed reporting, counterparty information"
FDIC-2008-0077-0001.htm,"transmittal, transmitters, money transmitters, transmittal order, systems, reporting requirement, feasibility, study, cross border, electronic"
SEC-2010-1644-0001.htm,"enforcement agencies, request, local law, agencies, program, state, local, state local, enforcement agency, foreign law"
SEC-2024-1209-0001.htm,"ltda, cvc, cvc ltda, december notice, aml act, days comments, ltda transactions, counterparty, proposed reporting, counterparty information"
EIB_FRDOC_0001-0604.htm,"ltda, cvc, cvc ltda, december notice, aml act, days comments, ltda transactions, counterparty, proposed reporting, counterparty information"
FDIC-2009-0019-0001.htm,"ltda, cvc, cvc ltda, december notice, aml act, days comments, ltda transactions, counterparty, proposed reporting, counterparty information"
FRS-2024-0184-0001.htm,"programs, usa, usa patriot, patriot, patriot act, establish anti, laundering programs, establish, temporary exemption, exemption"
SEC-2024-0668-0001.htm,"covered financial, diligence, cor, enhanced diligence, covered, enhanced, cor account, accounts, account, foreign banks"
FDIC-2021-0114-0001.htm,"ltda, cvc, cvc ltda, december notice, aml act, days comments, ltda transactions, counterparty, proposed reporting, counterparty information"
SEC-2023-1483-0001.htm,"ltda, cvc, cvc ltda, december notice, aml act, days comments, ltda transactions, counterparty, proposed reporting, counterparty information"
FRS-2010-0360-0001.htm,"ltda, cvc, cvc ltda, december notice, aml act, days comments, ltda transactions, counterparty, proposed reporting, counterparty information"
OCC-2024-0014-0001.pdf,"adjustment, cmps, adjustments, cta, civil, inflation, penalty, penalties, civil monetary, cmp"
FDIC-2022-0001-0001.htm,"ltda, cvc, cvc ltda, december notice, aml act, days comments, ltda transactions, counterparty, proposed reporting, counterparty information"
FRS-2021-0413-0001.htm,"ltda, cvc, cvc ltda, december notice, aml act, days comments, ltda transactions, counterparty, proposed reporting, counterparty information"
FRS-2010-0106-0001.htm,"ltda, cvc, cvc ltda, december notice, aml act, days comments, ltda transactions, counterparty, proposed reporting, counterparty information"
SEC-2023-1482-0001.htm,"ltda, cvc, cvc ltda, december notice, aml act, days comments, ltda transactions, counterparty, proposed reporting, counterparty information"
SEC-2024-0669-0001.htm,"ltda, cvc, cvc ltda, december notice, aml act, days comments, ltda transactions, counterparty, proposed reporting, counterparty information"
FDIC-2021-0115-0001.htm,"ltda, cvc, cvc ltda, december notice, aml act, days comments, ltda transactions, counterparty, proposed reporting, counterparty information"
FRS-2021-0412-0001.htm,"ltda, cvc, cvc ltda, december notice, aml act, days comments, ltda transactions, counterparty, proposed reporting, counterparty information"
FRS-2010-0107-0001.htm,"ltda, cvc, cvc ltda, december notice, aml act, days comments, ltda transactions, counterparty, proposed reporting, counterparty information"
FRS-2010-0361-0001.htm,"ltda, cvc, cvc ltda, december notice, aml act, days comments, ltda transactions, counterparty, proposed reporting, counterparty information"
EIB_FRDOC_0001-0638.htm,"ltda, cvc, cvc ltda, december notice, aml act, days comments, ltda transactions, counterparty, proposed reporting, counterparty information"
FRS-2022-0234-0001.htm,"ltda, cvc, cvc ltda, december notice, aml act, days comments, ltda transactions, counterparty, proposed reporting, counterparty information"
SEC-2009-1708-0001.htm,"ltda, cvc, cvc ltda, december notice, aml act, days comments, ltda transactions, counterparty, proposed reporting, counterparty information"
CFPB-2023-0022-0001.htm,"ltda, cvc, cvc ltda, december notice, aml act, days comments, ltda transactions, counterparty, proposed reporting, counterparty information"
OFAC_FRDOC_0001-0022.htm,"ltda, cvc, cvc ltda, december notice, aml act, days comments, ltda transactions, counterparty, proposed reporting, counterparty information"
CFTC-2022-0042-0001.htm,"ltda, cvc, cvc ltda, december notice, aml act, days comments, ltda transactions, counterparty, proposed reporting, counterparty information"
SEC-2010-1929-0001.htm,"ltda, cvc, cvc ltda, december notice, aml act, days comments, ltda transactions, counterparty, proposed reporting, counterparty information"
FRS-2024-0279-0001.htm,"commodity trading, commodity, trading advisors, trading, advisors, establish implement, programs, futures, establish, laundering programs"
CFPB-2024-0001-0001.htm,"ltda, cvc, cvc ltda, december notice, aml act, days comments, ltda transactions, counterparty, proposed reporting, counterparty information"
SEC-2024-1392-0001.htm,"ltda, cvc, cvc ltda, december notice, aml act, days comments, ltda transactions, counterparty, proposed reporting, counterparty information"
FRS-2021-0321-0001.htm,"ltda, cvc, cvc ltda, december notice, aml act, days comments, ltda transactions, counterparty, proposed reporting, counterparty information"
CFPB-2023-0023-0001.htm,"ltda, cvc, cvc ltda, december notice, aml act, days comments, ltda transactions, counterparty, proposed reporting, counterparty information"
CFPB-2024-0001-0015.htm,"ltda, cvc, cvc ltda, december notice, aml act, days comments, ltda transactions, counterparty, proposed reporting, counterparty information"
FRS-2022-0235-0001.htm,"ltda, cvc, cvc ltda, december notice, aml act, days comments, ltda transactions, counterparty, proposed reporting, counterparty information"
SEC-2009-1709-0001.htm,"prepaid access, access, prepaid, stored value, stored, published june, value prepaid, august, access gpo, july"
FRS-2024-0278-0001.htm,"loan, loan finance, finance company, mortgage, company, sar, residential, residential mortgage, finance companies, program"
FRS-2021-0320-0001.htm,"ltda, cvc, cvc ltda, december notice, aml act, days comments, ltda transactions, counterparty, proposed reporting, counterparty information"
SEC-2024-1393-0001.htm,"ltda, cvc, cvc ltda, december notice, aml act, days comments, ltda transactions, counterparty, proposed reporting, counterparty information"
OFAC_FRDOC_0001-0036.htm,"ltda, cvc, cvc ltda, december notice, aml act, days comments, ltda transactions, counterparty, proposed reporting, counterparty information"
CFTC-2022-0043-0001.htm,"ltda, cvc, cvc ltda, december notice, aml act, days comments, ltda transactions, counterparty, proposed reporting, counterparty information"
SEC-2010-1928-0001.htm,"ltda, cvc, cvc ltda, december notice, aml act, days comments, ltda transactions, counterparty, proposed reporting, counterparty information"
FINCEN-2023-0002-0001.htm,"sec, account, chapter, subpart, person, paragraph section, reserved, business, sec chapter, special"
SEC-2017-1869-0005.htm,"prepaid, prepaid access, access, provider, sellers, stored, program, providers, stored value, card"
SEC-2024-0904-0001.htm,"gaming, casino, casinos, slot, play, cash transactions, money play, electronic gaming, bets, devices"
SEC-2024-0594-0001.htm,"ltda, cvc, cvc ltda, december notice, aml act, days comments, ltda transactions, counterparty, proposed reporting, counterparty information"
SEC-2023-1519-0001.htm,"ltda, cvc, cvc ltda, december notice, aml act, days comments, ltda transactions, counterparty, proposed reporting, counterparty information"
SEC-2024-0905-0001.htm,"ltda, cvc, cvc ltda, december notice, aml act, days comments, ltda transactions, counterparty, proposed reporting, counterparty information"
SEC-2024-0595-0001.htm,"ltda, cvc, cvc ltda, december notice, aml act, days comments, ltda transactions, counterparty, proposed reporting, counterparty information"
SEC-2023-1518-0001.htm,"ltda, cvc, cvc ltda, december notice, aml act, days comments, ltda transactions, counterparty, proposed reporting, counterparty information"
FINCEN-2023-0003-0001.htm,"ltda, cvc, cvc ltda, december notice, aml act, days comments, ltda transactions, counterparty, proposed reporting, counterparty information"
OCC-2024-0008-0004.pdf,"ltda, cvc, cvc ltda, december notice, aml act, days comments, ltda transactions, counterparty, proposed reporting, counterparty information"
OFAC_FRDOC_0001-0195.htm,"ltda, cvc, cvc ltda, december notice, aml act, days comments, ltda transactions, counterparty, proposed reporting, counterparty information"
EIB_FRDOC_0001-0764.htm,"ltda, cvc, cvc ltda, december notice, aml act, days comments, ltda transactions, counterparty, proposed reporting, counterparty information"
CFPB-2023-0001-0011.htm,"sec, account, chapter, person, subpart, paragraph section, business, sec chapter, reserved, identification"
SEC-2023-1458-0001.htm,"nauru, action task, financial action, laundering concern, task, task force, special, primary money, force, primary"
NLRB-2022-0001-0001.htm,"ltda, cvc, cvc ltda, december notice, aml act, days comments, ltda transactions, counterparty, proposed reporting, counterparty information"
SEC-2024-0845-0001.htm,"ltda, cvc, cvc ltda, december notice, aml act, days comments, ltda transactions, counterparty, proposed reporting, counterparty information"
NCUA-2024-0036-0001.pdf,"ltda, cvc, cvc ltda, december notice, aml act, days comments, ltda transactions, counterparty, proposed reporting, counterparty information"
CFPB-2023-0001-0005.htm,"ltda, cvc, cvc ltda, december notice, aml act, days comments, ltda transactions, counterparty, proposed reporting, counterparty information"
SEC-2023-1459-0001.htm,"ltda, cvc, cvc ltda, december notice, aml act, days comments, ltda transactions, counterparty, proposed reporting, counterparty information"
OFAC_FRDOC_0001-0181.htm,"ltda, cvc, cvc ltda, december notice, aml act, days comments, ltda transactions, counterparty, proposed reporting, counterparty information"
