Prefix,Keyword
OFAC,gacki
OFAC,andrea
OFAC,thursday
OFAC,applicable
OFAC,august
OFAC,sdn
OFAC,actions
OFAC,jurisdiction
OFAC,al
OFAC,september
FHFA,bank
FHFA,enterprise
FHFA,rule
FHFA,records
FHFA,mortgage
FHFA,collection
FHFA,hours
FHFA,capital
FHFA,survey
FHFA,risk
SEC,nyse
SEC,pilot
SEC,options
SEC,box
SEC,corporation
SEC,affiliated
SEC,fee
SEC,arca
SEC,program
SEC,months
FDIC,cmp
FDIC,tier
FDIC,maximum
FDIC,meeting
FDIC,september
FDIC,institution
FDIC,access
FDIC,sunshine
FDIC,assets
FDIC,inflation
OCC,tier
OCC,capital
OCC,violation
OCC,rin
OCC,act
OCC,correction
OCC,ac
OCC,guidelines
OCC,access
OCC,docket
FRS,meeting
FRS,shares
FRS,omb
FRS,companies
FRS,acquire
FRS,investment
FRS,notice
FRS,voting
FRS,section
FRS,collection
TREA,cbp
TREA,license
TREA,import
TREA,cement
TREA,investment
TREA,form
TREA,mexican
TREA,january
TREA,entry
TREA,committee
CFPB,inflation
CFPB,adjustment
CFPB,penalty
CFPB,advisory
CFPB,collection
CFPB,savings
CFPB,committees
CFPB,civil
CFPB,adjustments
CFPB,section
EIB,meeting
EIB,form
EIB,request
EIB,collection
EIB,eib
EIB,hours
EIB,comment
EIB,credit
EIB,insurance
EIB,transaction
CFTC,collection
CFTC,meeting
CFTC,comments
CFTC,date
CFTC,time
CFTC,burden
CFTC,proposed
CFTC,friday
CFTC,place
CFTC,swap
FINC,ltda
FINC,cvc
FINC,counterparty
FINC,coins
FINC,ctr
FINC,virtual
FINC,hosted
FINC,passed
FINC,travelers
FINC,reopened
NLRB,election
NLRB,employer
NLRB,nlrb
NLRB,union
NLRB,rule
NLRB,employees
NLRB,comments
NLRB,joint
NLRB,court
NLRB,bargaining
NCUA,attachments
NCUA,posted
NCUA,located
NCUA,management
NCUA,board
NCUA,section
NCUA,endorse
NCUA,attesting
NCUA,instructed
NCUA,posting
FSOC,guidance
FSOC,analytic
FSOC,framework
FSOC,potential
FSOC,determination
FSOC,designation
FSOC,dfa
FSOC,stage
FSOC,interpretive
FSOC,regulatory
FLRA,records
FLRA,sec
FLRA,rule
FLRA,request
FLRA,documents
FLRA,act
FLRA,final
FLRA,panel
FLRA,july
FLRA,prb
RMA,planting
RMA,prevented
RMA,price
RMA,pccp
RMA,toga
RMA,add
RMA,environmental
RMA,reinsurance
RMA,harvest
RMA,organic
CCC,sugar
CCC,comments
CCC,collection
CCC,fsa
CCC,cane
CCC,rule
CCC,beet
CCC,burden
CCC,nrcs
CCC,fy
ITC,commission
ITC,review
ITC,fr
ITC,sodium
ITC,september
ITC,register
ITC,hexametaphosphate
ITC,federal
ITC,determination
ITC,china
CDFI,cmf
CDFI,application
CDFI,minority
CDFI,award
CDFI,report
CDFI,performance
CDFI,rule
CDFI,interim
CDFI,assessment
CDFI,revised
